{
  "intact_vs_scramble": {
    "W": 12.0,
    "p": 0.007028071105256244,
    "intact_per_seed": [
      1.0,
      0.75,
      1.0,
      1.0,
      0.75,
      1.0,
      1.0,
      1.0,
      0.75,
      1.0,
      1.0,
      1.0,
      1.0,
      0.75,
      0.75,
      1.0,
      1.0,
      1.0,
      1.0,
      1.0
    ],
    "scramble_per_seed": [
      0.5,
      1.0,
      0.75,
      0.75,
      0.75,
      0.75,
      0.75,
      1.0,
      0.75,
      1.0,
      0.75,
      0.75,
      0.5,
      0.75,
      1.0,
      0.75,
      0.75,
      1.0,
      0.5,
      0.75
    ],
    "n_seeds": 20
  },
  "intact_vs_poisson": {
    "W": 3.0,
    "p": 0.17971249487899976,
    "intact_per_seed": [
      1.0,
      0.75,
      1.0,
      1.0,
      0.75,
      1.0,
      1.0,
      1.0,
      0.75,
      1.0,
      1.0,
      1.0,
      1.0,
      0.75,
      0.75,
      1.0,
      1.0,
      1.0,
      1.0,
      1.0
    ],
    "poisson_per_seed": [
      0.75,
      1.0,
      1.0,
      1.0,
      0.75,
      1.0,
      1.0,
      1.0,
      1.0,
      1.0,
      1.0,
      1.0,
      1.0,
      1.0,
      1.0,
      1.0,
      1.0,
      1.0,
      1.0,
      1.0
    ],
    "n_seeds": 20
  },
  "scramble_vs_poisson": {
    "W": 0.0,
    "p": 0.000375444680760876,
    "scramble_per_seed": [
      0.5,
      1.0,
      0.75,
      0.75,
      0.75,
      0.75,
      0.75,
      1.0,
      0.75,
      1.0,
      0.75,
      0.75,
      0.5,
      0.75,
      1.0,
      0.75,
      0.75,
      1.0,
      0.5,
      0.75
    ],
    "poisson_per_seed": [
      0.75,
      1.0,
      1.0,
      1.0,
      0.75,
      1.0,
      1.0,
      1.0,
      1.0,
      1.0,
      1.0,
      1.0,
      1.0,
      1.0,
      1.0,
      1.0,
      1.0,
      1.0,
      1.0,
      1.0
    ],
    "n_seeds": 20
  }
}