{
  "label": "full_scale",
  "N_E": 800,
  "N_I": 200,
  "peak_hz_per_seed": [
    42.857142857142854,
    62.85714285714285,
    42.857142857142854
  ],
  "peak_hz_mean": 49.52380952380952,
  "peak_hz_std": 11.547005383792511,
  "ei_lag_ms_per_seed": [
    1.7000000000000002,
    1.7000000000000002,
    1.7000000000000002
  ],
  "ei_lag_ms_mean": 1.7000000000000002,
  "pop_rate_E_hz_mean": 18.366602954605426,
  "per_cell_E_med_hz_mean": 18.571428571428573,
  "duration_ms": 1200.0,
  "transient_ms": 500.0,
  "n_seeds": 3
}