{
  "dev": {
    "F": 1.292523880237383,
    "p": 0.254414070624007,
    "by_delay": {
      "2.0": {
        "mean": 0.4097470044241386,
        "sd": 0.09830336973352853,
        "n": 32
      },
      "4.0": {
        "mean": 0.37593232802707055,
        "sd": 0.10617149057257388,
        "n": 32
      },
      "6.0": {
        "mean": 0.364481823458293,
        "sd": 0.11719265517376987,
        "n": 32
      },
      "8.0": {
        "mean": 0.3467809392786569,
        "sd": 0.09910808454232087,
        "n": 32
      },
      "10.0": {
        "mean": 0.3411342650439698,
        "sd": 0.09937403658876745,
        "n": 32
      },
      "12.0": {
        "mean": 0.36573158439726094,
        "sd": 0.11388279264885025,
        "n": 32
      },
      "14.0": {
        "mean": 0.3771383822569541,
        "sd": 0.07380615627357864,
        "n": 32
      },
      "16.0": {
        "mean": 0.36378223044512753,
        "sd": 0.12177880590077926,
        "n": 32
      }
    },
    "n_per_delay": 32
  },
  "full": {
    "F": 68.2147402758799,
    "p": 8.575119927561202e-48,
    "by_delay": {
      "2.0": {
        "mean": 0.8927389127820001,
        "sd": 0.06432508979877775,
        "n": 24
      },
      "4.0": {
        "mean": 0.8518334270566675,
        "sd": 0.07210505082623887,
        "n": 24
      },
      "6.0": {
        "mean": 0.7877053967467695,
        "sd": 0.08115596689654003,
        "n": 24
      },
      "8.0": {
        "mean": 0.719506189072825,
        "sd": 0.12055790584983753,
        "n": 24
      },
      "10.0": {
        "mean": 0.6642219750365526,
        "sd": 0.18635893002285145,
        "n": 24
      },
      "12.0": {
        "mean": 0.5451134573586119,
        "sd": 0.18024557778482142,
        "n": 24
      },
      "14.0": {
        "mean": 0.3970962859426414,
        "sd": 0.13863908838420602,
        "n": 24
      },
      "16.0": {
        "mean": 0.3190640927579122,
        "sd": 0.08352432148067372,
        "n": 24
      }
    },
    "n_per_delay": 24
  }
}